id;creation_date;e_mail;state;city;zip_code;address;phone_number
1;2020-02-19T07:50:36;Tasty Cotton Pizza Cotton connecting;incubate bus India;Lake Omariside;63806;fault-tolerant Cambridgeshire;payment
2;2020-02-18T18:12:36;Bypass generate;Principal;Gusikowskistad;89665;Bedfordshire;Optimization neural Michigan
3;2020-02-18T20:27:18;Games Baby;Ergonomic Wooden Sausages Ball;North Emiliachester;9646;utilize yellow open-source;partnerships
4;2020-02-19T08:31:45;magenta Team-oriented homogeneous;process improvement reinvent alarm;New Murphyside;57715;Functionality convergence;New Israeli Sheqel Practical Steel Pants
5;2020-02-18T18:20:19;transmit;channels Strategist;West Justine;82832;SDD disintermediate Multi-lateral;Ergonomic Response
6;2020-02-19T00:05:13;China deposit transmit;Future zero defect;D'Amoreberg;31456;Grocery Inverse navigate;Identity
7;2020-02-19T06:14:15;engage customized;withdrawal bypass;Jadynberg;57444;RAM Industrial invoice;Gorgeous Plastic Keyboard
8;2020-02-19T10:51:50;systems;Syrian Pound;East Maxwellbury;80759;Analyst architecture;Chips Fresh quantifying
9;2020-02-19T07:45:23;Colorado Towels Garden;Rubber;Pagacfort;13932;Solomon Islands Dollar;cross-media orchestrate
10;2020-02-18T17:36:34;Gloves Regional;matrix Clothing Personal Loan Account;Shaniehaven;83246;convergence Investment Account Guam;Cross-platform SMTP modular
