id;creation_date;title;description
1;2020-02-24T00:18:13;Wisconsin navigating primary;reboot scale
2;2020-02-24T13:29:45;challenge;Home Loan Account
3;2020-02-24T10:23:28;TCP;Plastic database customer loyalty
4;2020-02-24T07:54:31;sticky Movies;Lead Universal Human
5;2020-02-24T12:16:17;optical bypassing utilisation;Infrastructure Avon
6;2020-02-24T02:14:03;Unbranded Granite Shirt;alarm
7;2020-02-24T12:29:52;Jewelery Home Grocery;Cliffs Village
8;2020-02-24T01:28:33;Berkshire integrate system engine;Mouse zero defect Lead
9;2020-02-24T08:52:55;Oregon Towels;copy
10;2020-02-24T12:56:47;Norway Decentralized well-modulated;Boliviano Mvdol Bond Markets Units European Composite Unit (EURCO) Dominican Republic
